代码,简称,公告标题,公告时间,公告链接
601318,中国平安,中国平安2025年中期投资者保护工作报告暨“提质增效重回报”执行情况报告,2025-08-27 00:00:00,http://www.cninfo.com.cn/new/disclosure/detail?stockCode=601318&announcementId=1224583363&orgId=9900002221&announcementTime=2025-08-27 00:00:00
601318,中国平安,中国平安第十三届董事会第十次会议决议公告,2025-08-27 00:00:00,http://www.cninfo.com.cn/new/disclosure/detail?stockCode=601318&announcementId=1224583362&orgId=9900002221&announcementTime=2025-08-27 00:00:00
601318,中国平安,中国平安2025年中期利润分配方案公告,2025-08-27 00:00:00,http://www.cninfo.com.cn/new/disclosure/detail?stockCode=601318&announcementId=1224583361&orgId=9900002221&announcementTime=2025-08-27 00:00:00
601318,中国平安,中国平安2025年中期业绩报告,2025-08-27 00:00:00,http://www.cninfo.com.cn/new/disclosure/detail?stockCode=601318&announcementId=1224583360&orgId=9900002221&announcementTime=2025-08-27 00:00:00
601318,中国平安,中国平安2025年中期报告,2025-08-27 00:00:00,http://www.cninfo.com.cn/new/disclosure/detail?stockCode=601318&announcementId=1224583359&orgId=9900002221&announcementTime=2025-08-27 00:00:00
601318,中国平安,中国平安2025年中期报告摘要,2025-08-27 00:00:00,http://www.cninfo.com.cn/new/disclosure/detail?stockCode=601318&announcementId=1224583358&orgId=9900002221&announcementTime=2025-08-27 00:00:00
601318,中国平安,中国平安第十一届监事会第八次会议决议公告,2025-08-27 00:00:00,http://www.cninfo.com.cn/new/disclosure/detail?stockCode=601318&announcementId=1224583357&orgId=9900002221&announcementTime=2025-08-27 00:00:00
601318,中国平安,中国平安：平安银行股份有限公司2025年半年度报告摘要,2025-08-23 00:00:00,http://www.cninfo.com.cn/new/disclosure/detail?stockCode=601318&announcementId=1224560039&orgId=9900002221&announcementTime=2025-08-23 00:00:00
601318,中国平安,中国平安关于披露平安银行2025年半年度报告摘要的公告,2025-08-23 00:00:00,http://www.cninfo.com.cn/new/disclosure/detail?stockCode=601318&announcementId=1224560038&orgId=9900002221&announcementTime=2025-08-23 00:00:00
601318,中国平安,中国平安关于召开2025年中期业绩发布会的公告,2025-08-20 00:00:00,http://www.cninfo.com.cn/new/disclosure/detail?stockCode=601318&announcementId=1224519435&orgId=9900002221&announcementTime=2025-08-20 00:00:00
601318,中国平安,中国平安关于2025年度长期服务计划实施进展的公告,2025-08-20 00:00:00,http://www.cninfo.com.cn/new/disclosure/detail?stockCode=601318&announcementId=1224519434&orgId=9900002221&announcementTime=2025-08-20 00:00:00
601318,中国平安,中国平安H股公告,2025-08-02 00:00:00,http://www.cninfo.com.cn/new/disclosure/detail?stockCode=601318&announcementId=1224367848&orgId=9900002221&announcementTime=2025-08-02 00:00:00
601318,中国平安,中国平安关于2025年度长期服务计划实施进展的公告,2025-07-19 00:00:00,http://www.cninfo.com.cn/new/disclosure/detail?stockCode=601318&announcementId=1224214885&orgId=9900002221&announcementTime=2025-07-19 00:00:00
601318,中国平安,中国平安H股公告,2025-07-03 00:00:00,http://www.cninfo.com.cn/new/disclosure/detail?stockCode=601318&announcementId=1224067183&orgId=9900002221&announcementTime=2025-07-03 00:00:00
601318,中国平安,中国平安H股公告,2025-06-27 00:00:00,http://www.cninfo.com.cn/new/disclosure/detail?stockCode=601318&announcementId=1223998982&orgId=9900002221&announcementTime=2025-06-27 00:00:00
601318,中国平安,平安证券股份有限公司关于中国平安保险(集团)股份有限公司差异化分红事项的核查意见,2025-06-20 00:00:00,http://www.cninfo.com.cn/new/disclosure/detail?stockCode=601318&announcementId=1223934700&orgId=9900002221&announcementTime=2025-06-20 00:00:00
601318,中国平安,中国平安关于2025年度核心人员持股计划完成股票购买的公告,2025-06-20 00:00:00,http://www.cninfo.com.cn/new/disclosure/detail?stockCode=601318&announcementId=1223934699&orgId=9900002221&announcementTime=2025-06-20 00:00:00
601318,中国平安,中国平安2024年年度权益分派实施公告,2025-06-20 00:00:00,http://www.cninfo.com.cn/new/disclosure/detail?stockCode=601318&announcementId=1223934698&orgId=9900002221&announcementTime=2025-06-20 00:00:00
601318,中国平安,中国平安关于2025年度长期服务计划实施进展的公告,2025-06-20 00:00:00,http://www.cninfo.com.cn/new/disclosure/detail?stockCode=601318&announcementId=1223934697&orgId=9900002221&announcementTime=2025-06-20 00:00:00
601318,中国平安,中国平安关于H股可转换债券发行完成的公告,2025-06-12 00:00:00,http://www.cninfo.com.cn/new/disclosure/detail?stockCode=601318&announcementId=1223848354&orgId=9900002221&announcementTime=2025-06-12 00:00:00
601318,中国平安,"中国平安关于拟根据一般性授权发行11,765,000,000港元于2030年到期的零息H股可转换债券的公告",2025-06-04 08:04:00,http://www.cninfo.com.cn/new/disclosure/detail?stockCode=601318&announcementId=1223751909&orgId=9900002221&announcementTime=2025-06-04 08:04:00
601318,中国平安,中国平安H股公告,2025-06-04 00:00:00,http://www.cninfo.com.cn/new/disclosure/detail?stockCode=601318&announcementId=1223748232&orgId=9900002221&announcementTime=2025-06-04 00:00:00
601318,中国平安,中国平安关于2025年度核心人员持股计划及2025年度长期服务计划购股进展的公告,2025-05-20 00:00:00,http://www.cninfo.com.cn/new/disclosure/detail?stockCode=601318&announcementId=1223587423&orgId=9900002221&announcementTime=2025-05-20 00:00:00
601318,中国平安,中国平安关于注销回购股份并减少注册资本通知债权人的公告,2025-05-14 00:00:00,http://www.cninfo.com.cn/new/disclosure/detail?stockCode=601318&announcementId=1223537467&orgId=9900002221&announcementTime=2025-05-14 00:00:00
601318,中国平安,中国平安2024年年度股东会、2025年第一次A股类别股东会及2025年第一次H股类别股东会法律意见书,2025-05-14 00:00:00,http://www.cninfo.com.cn/new/disclosure/detail?stockCode=601318&announcementId=1223537466&orgId=9900002221&announcementTime=2025-05-14 00:00:00
601318,中国平安,中国平安2024年年度股东会、2025年第一次A股类别股东会及2025年第一次H股类别股东会决议公告,2025-05-14 00:00:00,http://www.cninfo.com.cn/new/disclosure/detail?stockCode=601318&announcementId=1223537465&orgId=9900002221&announcementTime=2025-05-14 00:00:00
601318,中国平安,中国平安H股公告,2025-05-01 00:00:00,http://www.cninfo.com.cn/new/disclosure/detail?stockCode=601318&announcementId=1223444959&orgId=9900002221&announcementTime=2025-05-01 00:00:00
601318,中国平安,中国平安第十三届董事会第九次会议决议公告,2025-04-26 00:00:00,http://www.cninfo.com.cn/new/disclosure/detail?stockCode=601318&announcementId=1223314259&orgId=9900002221&announcementTime=2025-04-26 00:00:00
601318,中国平安,中国平安2025年第一季度报告,2025-04-26 00:00:00,http://www.cninfo.com.cn/new/disclosure/detail?stockCode=601318&announcementId=1223314258&orgId=9900002221&announcementTime=2025-04-26 00:00:00
601318,中国平安,中国平安第十一届监事会第七次会议决议公告,2025-04-26 00:00:00,http://www.cninfo.com.cn/new/disclosure/detail?stockCode=601318&announcementId=1223314257&orgId=9900002221&announcementTime=2025-04-26 00:00:00
601318,中国平安,中国平安2025年第一季度业绩报告,2025-04-26 00:00:00,http://www.cninfo.com.cn/new/disclosure/detail?stockCode=601318&announcementId=1223314256&orgId=9900002221&announcementTime=2025-04-26 00:00:00
601318,中国平安,中国平安关于2024年年度股东会增加临时提案的公告,2025-04-25 00:00:00,http://www.cninfo.com.cn/new/disclosure/detail?stockCode=601318&announcementId=1223277657&orgId=9900002221&announcementTime=2025-04-25 00:00:00
601318,中国平安,中国平安2024年年度股东会及2025年第一次A股类别股东会资料,2025-04-25 00:00:00,http://www.cninfo.com.cn/new/disclosure/detail?stockCode=601318&announcementId=1223277656&orgId=9900002221&announcementTime=2025-04-25 00:00:00
601318,中国平安,中国平安第十三届董事会第八次会议决议公告,2025-04-25 00:00:00,http://www.cninfo.com.cn/new/disclosure/detail?stockCode=601318&announcementId=1223277655&orgId=9900002221&announcementTime=2025-04-25 00:00:00
601318,中国平安,中国平安关于2025年度核心人员持股计划及2025年度长期服务计划购股进展的公告,2025-04-19 00:00:00,http://www.cninfo.com.cn/new/disclosure/detail?stockCode=601318&announcementId=1223148115&orgId=9900002221&announcementTime=2025-04-19 00:00:00
601318,中国平安,中国平安关于披露平安银行2025年第一季度报告的公告,2025-04-19 00:00:00,http://www.cninfo.com.cn/new/disclosure/detail?stockCode=601318&announcementId=1223148114&orgId=9900002221&announcementTime=2025-04-19 00:00:00
601318,中国平安,中国平安：平安银行股份有限公司2025年第一季度报告,2025-04-19 00:00:00,http://www.cninfo.com.cn/new/disclosure/detail?stockCode=601318&announcementId=1223148112&orgId=9900002221&announcementTime=2025-04-19 00:00:00
601318,中国平安,中国平安2024年年度股东会及2025年第一次A股类别股东会资料,2025-04-17 00:00:00,http://www.cninfo.com.cn/new/disclosure/detail?stockCode=601318&announcementId=1223110181&orgId=9900002221&announcementTime=2025-04-17 00:00:00
601318,中国平安,中国平安关于召开2024年年度股东会、2025年第一次A股类别股东会的通知,2025-04-17 00:00:00,http://www.cninfo.com.cn/new/disclosure/detail?stockCode=601318&announcementId=1223110180&orgId=9900002221&announcementTime=2025-04-17 00:00:00
601318,中国平安,中国平安H股公告,2025-04-02 00:00:00,http://www.cninfo.com.cn/new/disclosure/detail?stockCode=601318&announcementId=1222983568&orgId=9900002221&announcementTime=2025-04-02 00:00:00
601318,中国平安,中国平安H股公告,2025-03-28 00:00:00,http://www.cninfo.com.cn/new/disclosure/detail?stockCode=601318&announcementId=1222925564&orgId=9900002221&announcementTime=2025-03-28 00:00:00
601318,中国平安,中国平安H股公告,2025-03-28 00:00:00,http://www.cninfo.com.cn/new/disclosure/detail?stockCode=601318&announcementId=1222925563&orgId=9900002221&announcementTime=2025-03-28 00:00:00
601318,中国平安,中国平安关于首席财务官（财务负责人）任职资格获国家金融监督管理总局核准的公告,2025-03-28 00:00:00,http://www.cninfo.com.cn/new/disclosure/detail?stockCode=601318&announcementId=1222924617&orgId=9900002221&announcementTime=2025-03-28 00:00:00
601318,中国平安,中国平安2024年年度报告摘要,2025-03-20 00:00:00,http://www.cninfo.com.cn/new/disclosure/detail?stockCode=601318&announcementId=1222847467&orgId=9900002221&announcementTime=2025-03-20 00:00:00
601318,中国平安,中国平安关于建议续聘会计师事务所的公告,2025-03-20 00:00:00,http://www.cninfo.com.cn/new/disclosure/detail?stockCode=601318&announcementId=1222847466&orgId=9900002221&announcementTime=2025-03-20 00:00:00
601318,中国平安,中国平安2024年度投资者保护工作报告,2025-03-20 00:00:00,http://www.cninfo.com.cn/new/disclosure/detail?stockCode=601318&announcementId=1222847465&orgId=9900002221&announcementTime=2025-03-20 00:00:00
601318,中国平安,中国平安独立董事2024年度述职报告（王广谦）,2025-03-20 00:00:00,http://www.cninfo.com.cn/new/disclosure/detail?stockCode=601318&announcementId=1222847464&orgId=9900002221&announcementTime=2025-03-20 00:00:00
601318,中国平安,中国平安关于会计师事务所2024年度履职情况评估报告,2025-03-20 00:00:00,http://www.cninfo.com.cn/new/disclosure/detail?stockCode=601318&announcementId=1222847463&orgId=9900002221&announcementTime=2025-03-20 00:00:00
601318,中国平安,安永华明会计师事务所（特殊普通合伙）关于中国平安保险（集团）股份有限公司2024年度控股股东及其他关联方占用资金情况专项报告,2025-03-20 00:00:00,http://www.cninfo.com.cn/new/disclosure/detail?stockCode=601318&announcementId=1222847462&orgId=9900002221&announcementTime=2025-03-20 00:00:00
601318,中国平安,中国平安2024年度内部控制评价报告,2025-03-20 00:00:00,http://www.cninfo.com.cn/new/disclosure/detail?stockCode=601318&announcementId=1222847461&orgId=9900002221&announcementTime=2025-03-20 00:00:00
601318,中国平安,中国平安董事会审计与风险管理委员会对会计师事务所2024年度履行监督职责情况报告,2025-03-20 00:00:00,http://www.cninfo.com.cn/new/disclosure/detail?stockCode=601318&announcementId=1222847460&orgId=9900002221&announcementTime=2025-03-20 00:00:00
601318,中国平安,中国平安第十三届董事会第七次会议决议公告,2025-03-20 00:00:00,http://www.cninfo.com.cn/new/disclosure/detail?stockCode=601318&announcementId=1222847459&orgId=9900002221&announcementTime=2025-03-20 00:00:00
601318,中国平安,中国平安独立董事2024年度述职报告（金李）,2025-03-20 00:00:00,http://www.cninfo.com.cn/new/disclosure/detail?stockCode=601318&announcementId=1222847458&orgId=9900002221&announcementTime=2025-03-20 00:00:00
601318,中国平安,中国平安2024年度已审财务报表,2025-03-20 00:00:00,http://www.cninfo.com.cn/new/disclosure/detail?stockCode=601318&announcementId=1222847457&orgId=9900002221&announcementTime=2025-03-20 00:00:00
601318,中国平安,中国平安2024年度内部控制审计报告,2025-03-20 00:00:00,http://www.cninfo.com.cn/new/disclosure/detail?stockCode=601318&announcementId=1222847456&orgId=9900002221&announcementTime=2025-03-20 00:00:00
601318,中国平安,中国平安独立董事2024年度述职报告（刘宏）,2025-03-20 00:00:00,http://www.cninfo.com.cn/new/disclosure/detail?stockCode=601318&announcementId=1222847455&orgId=9900002221&announcementTime=2025-03-20 00:00:00
601318,中国平安,中国平安独立董事2024年度述职报告（伍成业）,2025-03-20 00:00:00,http://www.cninfo.com.cn/new/disclosure/detail?stockCode=601318&announcementId=1222847454&orgId=9900002221&announcementTime=2025-03-20 00:00:00
601318,中国平安,中国平安董事会关于独立董事独立性自查情况的专项评估意见,2025-03-20 00:00:00,http://www.cninfo.com.cn/new/disclosure/detail?stockCode=601318&announcementId=1222847453&orgId=9900002221&announcementTime=2025-03-20 00:00:00
601318,中国平安,中国平安2024年业绩报告,2025-03-20 00:00:00,http://www.cninfo.com.cn/new/disclosure/detail?stockCode=601318&announcementId=1222847452&orgId=9900002221&announcementTime=2025-03-20 00:00:00
601318,中国平安,中国平安第十一届监事会第六次会议决议公告,2025-03-20 00:00:00,http://www.cninfo.com.cn/new/disclosure/detail?stockCode=601318&announcementId=1222847451&orgId=9900002221&announcementTime=2025-03-20 00:00:00
601318,中国平安,中国平安关于2025年度长期服务计划实施方案的公告,2025-03-20 00:00:00,http://www.cninfo.com.cn/new/disclosure/detail?stockCode=601318&announcementId=1222847450&orgId=9900002221&announcementTime=2025-03-20 00:00:00
601318,中国平安,中国平安独立董事2024年度述职报告（吴港平）,2025-03-20 00:00:00,http://www.cninfo.com.cn/new/disclosure/detail?stockCode=601318&announcementId=1222847449&orgId=9900002221&announcementTime=2025-03-20 00:00:00
601318,中国平安,中国平安关于注销回购A股股份、减少注册资本并相应修订公司章程的公告,2025-03-20 00:00:00,http://www.cninfo.com.cn/new/disclosure/detail?stockCode=601318&announcementId=1222847448&orgId=9900002221&announcementTime=2025-03-20 00:00:00
601318,中国平安,中国平安2024年年度报告,2025-03-20 00:00:00,http://www.cninfo.com.cn/new/disclosure/detail?stockCode=601318&announcementId=1222847447&orgId=9900002221&announcementTime=2025-03-20 00:00:00
601318,中国平安,中国平安董事会审计与风险管理委员会2024年度履职情况报告,2025-03-20 00:00:00,http://www.cninfo.com.cn/new/disclosure/detail?stockCode=601318&announcementId=1222847446&orgId=9900002221&announcementTime=2025-03-20 00:00:00
601318,中国平安,中国平安2024年年度利润分配方案公告,2025-03-20 00:00:00,http://www.cninfo.com.cn/new/disclosure/detail?stockCode=601318&announcementId=1222847445&orgId=9900002221&announcementTime=2025-03-20 00:00:00
601318,中国平安,中国平安独立董事2024年度述职报告（储一昀）,2025-03-20 00:00:00,http://www.cninfo.com.cn/new/disclosure/detail?stockCode=601318&announcementId=1222847444&orgId=9900002221&announcementTime=2025-03-20 00:00:00
601318,中国平安,中国平安关于2025年度核心人员持股计划实施方案的公告,2025-03-20 00:00:00,http://www.cninfo.com.cn/new/disclosure/detail?stockCode=601318&announcementId=1222847443&orgId=9900002221&announcementTime=2025-03-20 00:00:00
601318,中国平安,中国平安2024年度可持续发展报告,2025-03-20 00:00:00,http://www.cninfo.com.cn/new/disclosure/detail?stockCode=601318&announcementId=1222847442&orgId=9900002221&announcementTime=2025-03-20 00:00:00
601318,中国平安,中国平安：平安银行股份有限公司2024年年度报告摘要,2025-03-15 00:00:00,http://www.cninfo.com.cn/new/disclosure/detail?stockCode=601318&announcementId=1222807195&orgId=9900002221&announcementTime=2025-03-15 00:00:00
601318,中国平安,中国平安关于披露平安银行2024年年度报告摘要的公告,2025-03-15 00:00:00,http://www.cninfo.com.cn/new/disclosure/detail?stockCode=601318&announcementId=1222807194&orgId=9900002221&announcementTime=2025-03-15 00:00:00
601318,中国平安,中国平安关于召开2024年度业绩发布会的公告,2025-03-13 00:00:00,http://www.cninfo.com.cn/new/disclosure/detail?stockCode=601318&announcementId=1222778087&orgId=9900002221&announcementTime=2025-03-13 00:00:00
601318,中国平安,中国平安H股公告,2025-03-04 00:00:00,http://www.cninfo.com.cn/new/disclosure/detail?stockCode=601318&announcementId=1222692944&orgId=9900002221&announcementTime=2025-03-04 00:00:00
601318,中国平安,中国平安H股公告,2025-02-06 00:00:00,http://www.cninfo.com.cn/new/disclosure/detail?stockCode=601318&announcementId=1222460098&orgId=9900002221&announcementTime=2025-02-06 00:00:00
601318,中国平安,中国平安公司章程,2025-01-23 00:00:00,http://www.cninfo.com.cn/new/disclosure/detail?stockCode=601318&announcementId=1222405307&orgId=9900002221&announcementTime=2025-01-23 00:00:00
601318,中国平安,中国平安关于公司章程获国家金融监督管理总局核准的公告,2025-01-23 00:00:00,http://www.cninfo.com.cn/new/disclosure/detail?stockCode=601318&announcementId=1222405306&orgId=9900002221&announcementTime=2025-01-23 00:00:00
601318,中国平安,中国平安保费收入公告,2025-01-15 00:00:00,http://www.cninfo.com.cn/new/disclosure/detail?stockCode=601318&announcementId=1222331616&orgId=9900002221&announcementTime=2025-01-15 00:00:00
601318,中国平安,中国平安H股公告,2025-01-09 00:00:00,http://www.cninfo.com.cn/new/disclosure/detail?stockCode=601318&announcementId=1222270750&orgId=9900002221&announcementTime=2025-01-09 00:00:00
601318,中国平安,中国平安H股公告,2025-01-03 00:00:00,http://www.cninfo.com.cn/new/disclosure/detail?stockCode=601318&announcementId=1222207272&orgId=9900002221&announcementTime=2025-01-03 00:00:00
