日期,股票代码,开盘,收盘,最高,最低,成交量,成交额,振幅,涨跌幅,涨跌额,换手率
2025-01-02,601318,48.4,46.41,48.43,46.09,948579,4877807223.0,4.84,-4.01,-1.94,0.88
2025-01-03,601318,46.7,46.0,46.79,45.78,551352,2788346287.0,2.18,-0.88,-0.41,0.51
2025-01-06,601318,46.25,46.04,46.32,45.53,413490,2077171909.0,1.72,0.09,0.04,0.38
2025-01-07,601318,45.89,45.87,46.06,45.51,392787,1967557698.0,1.19,-0.37,-0.17,0.36
2025-01-08,601318,45.88,46.0,46.28,45.25,510383,2555823167.0,2.25,0.28,0.13,0.47
2025-01-09,601318,45.96,45.51,46.11,45.5,400821,2005089617.0,1.33,-1.07,-0.49,0.37
2025-01-10,601318,45.52,44.65,45.78,44.6,522704,2576373866.0,2.59,-1.89,-0.86,0.49
2025-01-13,601318,44.18,44.29,44.5,43.8,511393,2474824396.0,1.57,-0.81,-0.36,0.48
2025-01-14,601318,44.29,45.06,45.28,44.2,615774,3024006484.0,2.44,1.74,0.77,0.57
2025-01-15,601318,44.95,44.81,45.36,44.61,458029,2251226874.0,1.66,-0.55,-0.25,0.43
2025-01-16,601318,45.0,44.95,45.45,44.63,415761,2052212529.0,1.83,0.31,0.14,0.39
2025-01-17,601318,44.8,45.08,45.27,44.47,460747,2273441157.0,1.78,0.29,0.13,0.43
2025-01-20,601318,45.42,45.51,46.0,45.36,491736,2458746694.0,1.42,0.95,0.43,0.46
2025-01-21,601318,45.9,45.6,46.09,45.36,409951,2049216698.0,1.6,0.2,0.09,0.38
2025-01-22,601318,45.42,44.65,45.62,44.55,530780,2606595142.0,2.35,-2.08,-0.95,0.49
2025-01-23,601318,45.52,46.07,47.15,45.48,969105,4910872825.0,3.74,3.18,1.42,0.9
2025-01-24,601318,45.88,46.56,47.07,45.8,616779,3140198840.0,2.76,1.06,0.49,0.57
2025-01-27,601318,46.73,46.55,47.32,46.51,524547,2681560916.0,1.74,-0.02,-0.01,0.49
2025-02-05,601318,46.68,45.42,46.7,45.37,583072,2921528575.0,2.86,-2.43,-1.13,0.54
2025-02-06,601318,45.43,45.95,46.2,45.38,415037,2078321191.0,1.81,1.17,0.53,0.39
2025-02-07,601318,45.88,46.58,47.14,45.54,725812,3679372001.0,3.48,1.37,0.63,0.67
2025-02-10,601318,46.59,46.6,47.06,46.5,431815,2203839896.0,1.2,0.04,0.02,0.4
2025-02-11,601318,46.9,46.22,46.94,46.07,381844,1931993468.0,1.87,-0.82,-0.38,0.35
2025-02-12,601318,46.22,46.78,46.82,45.88,446994,2261445451.0,2.03,1.21,0.56,0.42
2025-02-13,601318,46.62,46.72,47.48,46.51,590363,3019334998.0,2.07,-0.13,-0.06,0.55
2025-02-14,601318,46.69,47.4,47.56,46.5,599772,3080098770.0,2.27,1.46,0.68,0.56
2025-02-17,601318,47.53,47.54,48.08,47.11,625710,3245003133.0,2.05,0.3,0.14,0.58
2025-02-18,601318,47.37,47.01,47.88,46.9,650082,3362664791.0,2.06,-1.11,-0.53,0.6
2025-02-19,601318,46.89,47.15,47.53,46.72,464426,2388611401.0,1.72,0.3,0.14,0.43
2025-02-20,601318,46.93,46.48,47.01,46.36,515385,2620444374.0,1.38,-1.42,-0.67,0.48
2025-02-21,601318,46.69,46.9,47.2,46.16,668761,3415352331.0,2.24,0.9,0.42,0.62
2025-02-24,601318,46.9,47.7,48.18,46.75,835823,4341042760.0,3.05,1.71,0.8,0.78
2025-02-25,601318,47.2,46.68,47.8,46.55,642429,3298896562.0,2.62,-2.14,-1.02,0.6
2025-02-26,601318,46.8,47.32,47.48,46.73,536578,2758370362.0,1.61,1.37,0.64,0.5
2025-02-27,601318,47.48,47.32,47.5,46.82,547240,2813972257.0,1.44,0.0,0.0,0.51
2025-02-28,601318,47.1,46.08,47.35,46.08,805268,4102825272.0,2.68,-2.62,-1.24,0.75
2025-03-03,601318,46.25,46.03,46.52,45.76,423161,2135730015.0,1.65,-0.11,-0.05,0.39
2025-03-04,601318,45.78,45.78,45.99,45.7,372432,1867141471.0,0.63,-0.54,-0.25,0.35
2025-03-05,601318,45.88,46.08,46.25,45.71,455072,2287766876.0,1.18,0.66,0.3,0.42
2025-03-06,601318,46.47,47.34,47.63,46.23,1045821,5369202399.0,3.04,2.73,1.26,0.97
2025-03-07,601318,47.3,47.2,47.54,47.02,481479,2481121736.0,1.1,-0.3,-0.14,0.45
2025-03-10,601318,47.21,46.95,47.36,46.48,611283,3121852670.0,1.86,-0.53,-0.25,0.57
2025-03-11,601318,46.41,47.2,47.2,46.3,529147,2702757544.0,1.92,0.53,0.25,0.49
2025-03-12,601318,47.2,46.85,47.3,46.71,470578,2410921164.0,1.25,-0.74,-0.35,0.44
2025-03-13,601318,46.85,46.84,47.25,46.63,411448,2107254552.0,1.32,-0.02,-0.01,0.38
2025-03-14,601318,47.03,49.17,49.59,46.91,1502449,7945017156.0,5.72,4.97,2.33,1.4
2025-03-17,601318,49.17,49.08,49.32,48.8,605172,3229662145.0,1.06,-0.18,-0.09,0.56
2025-03-18,601318,49.4,49.46,49.89,49.34,587740,3164655447.0,1.12,0.77,0.38,0.55
2025-03-19,601318,49.38,49.77,50.0,49.27,509874,2751845206.0,1.48,0.63,0.31,0.47
2025-03-20,601318,49.75,48.19,49.76,47.93,1140723,6007424559.0,3.68,-3.17,-1.58,1.06
2025-03-21,601318,48.1,47.45,48.36,47.38,795715,4145943295.0,2.03,-1.54,-0.74,0.74
2025-03-24,601318,47.52,47.83,47.98,47.52,508657,2646991166.0,0.97,0.8,0.38,0.47
2025-03-25,601318,47.85,47.66,47.91,47.52,344402,1790739699.0,0.82,-0.36,-0.17,0.32
2025-03-26,601318,47.68,47.42,47.79,47.42,403995,2094936176.0,0.78,-0.5,-0.24,0.38
2025-03-27,601318,47.41,47.76,48.15,47.23,432169,2248679011.0,1.94,0.72,0.34,0.4
2025-03-28,601318,47.9,47.66,48.07,47.55,353664,1841078406.0,1.09,-0.21,-0.1,0.33
2025-03-31,601318,47.6,47.33,47.95,47.09,468390,2423816080.0,1.8,-0.69,-0.33,0.44
2025-04-01,601318,47.3,47.32,47.56,47.11,394321,2035352505.0,0.95,-0.02,-0.01,0.37
2025-04-02,601318,47.28,47.56,47.66,47.23,283274,1467236071.0,0.91,0.51,0.24,0.26
2025-04-03,601318,47.09,47.18,47.7,47.08,373348,1927750540.0,1.3,-0.8,-0.38,0.35
2025-04-07,601318,45.0,44.26,45.47,42.7,1727558,8362219629.0,5.87,-6.19,-2.92,1.61
2025-04-08,601318,44.25,44.96,44.96,43.8,1117530,5446468218.0,2.62,1.58,0.7,1.04
2025-04-09,601318,44.5,44.63,44.95,44.06,737907,3604799242.0,1.98,-0.73,-0.33,0.69
2025-04-10,601318,45.06,45.18,45.5,44.91,657915,3258096138.0,1.32,1.23,0.55,0.61
2025-04-11,601318,45.18,45.05,45.24,44.68,450121,2216984586.0,1.24,-0.29,-0.13,0.42
2025-04-14,601318,45.3,45.18,45.55,45.14,387484,1922228962.0,0.91,0.29,0.13,0.36
2025-04-15,601318,45.18,45.53,45.67,44.96,407762,2021902572.0,1.57,0.77,0.35,0.38
2025-04-16,601318,45.42,45.58,45.87,45.1,467924,2323052330.0,1.69,0.11,0.05,0.43
2025-04-17,601318,45.39,45.86,45.98,45.28,377043,1884423296.0,1.54,0.61,0.28,0.35
2025-04-18,601318,45.75,46.14,46.36,45.65,338811,1706307228.0,1.55,0.61,0.28,0.31
2025-04-21,601318,46.1,45.98,46.31,45.9,263784,1329681852.0,0.89,-0.35,-0.16,0.25
2025-04-22,601318,45.9,46.27,46.49,45.82,355098,1793621626.0,1.46,0.63,0.29,0.33
2025-04-23,601318,46.46,46.4,46.65,46.16,298773,1515452317.0,1.06,0.28,0.13,0.28
2025-04-24,601318,46.4,46.92,47.18,46.4,423839,2170142049.0,1.68,1.12,0.52,0.39
2025-04-25,601318,46.94,47.03,47.29,46.92,368499,1894916291.0,0.79,0.23,0.11,0.34
2025-04-28,601318,46.12,46.91,47.04,45.73,518666,2632952959.0,2.79,-0.26,-0.12,0.48
2025-04-29,601318,46.87,46.7,47.34,46.56,337540,1725062887.0,1.66,-0.45,-0.21,0.31
2025-04-30,601318,46.8,46.41,47.25,46.38,377944,1927976843.0,1.86,-0.62,-0.29,0.35
2025-05-06,601318,46.7,46.5,46.85,46.25,391512,1992284115.0,1.29,0.19,0.09,0.36
2025-05-07,601318,47.12,46.88,47.33,46.73,420640,2156676084.0,1.29,0.82,0.38,0.39
2025-05-08,601318,46.71,47.66,48.05,46.6,671350,3487932290.0,3.09,1.66,0.78,0.62
2025-05-09,601318,47.61,47.45,47.86,47.45,290709,1507958915.0,0.86,-0.44,-0.21,0.27
2025-05-12,601318,47.93,48.3,48.45,47.7,577372,3028226079.0,1.58,1.79,0.85,0.54
2025-05-13,601318,48.49,48.16,48.49,47.95,403920,2117089329.0,1.12,-0.29,-0.14,0.38
2025-05-14,601318,48.15,50.39,50.88,48.04,1577230,8541172666.0,5.9,4.63,2.23,1.47
2025-05-15,601318,50.09,49.95,50.5,49.8,569303,3095268721.0,1.39,-0.87,-0.44,0.53
2025-05-16,601318,49.75,49.09,50.14,49.08,466130,2499109899.0,2.12,-1.72,-0.86,0.43
2025-05-19,601318,48.99,49.0,49.43,48.9,324266,1730493312.0,1.08,-0.18,-0.09,0.3
2025-05-20,601318,49.15,49.38,49.88,49.1,352669,1895934592.0,1.59,0.78,0.38,0.33
2025-05-21,601318,49.4,49.55,50.1,49.4,333066,1800759244.0,1.42,0.34,0.17,0.31
2025-05-22,601318,49.46,49.54,49.69,49.23,240658,1294403114.0,0.93,-0.02,-0.01,0.22
2025-05-23,601318,49.51,48.93,50.16,48.87,430491,2314052457.0,2.6,-1.23,-0.61,0.4
2025-05-26,601318,48.86,49.1,49.85,48.7,388130,2078107531.0,2.35,0.35,0.17,0.36
2025-05-27,601318,49.1,49.1,49.56,49.0,255725,1368911112.0,1.14,0.0,0.0,0.24
2025-05-28,601318,49.1,48.99,49.39,48.82,261698,1396312012.0,1.16,-0.22,-0.11,0.24
2025-05-29,601318,49.0,49.22,49.53,48.79,348683,1868004330.0,1.51,0.47,0.23,0.32
2025-05-30,601318,49.07,48.98,49.39,48.55,417239,2221553128.0,1.71,-0.49,-0.24,0.39
2025-06-03,601318,48.91,49.55,49.81,48.7,453738,2430686987.0,2.27,1.16,0.57,0.42
2025-06-04,601318,49.31,49.46,49.85,49.31,430897,2322941429.0,1.09,-0.18,-0.09,0.4
2025-06-05,601318,49.47,49.69,49.88,49.36,419100,2260023900.0,1.05,0.47,0.23,0.39
2025-06-06,601318,49.7,49.11,49.82,49.05,408553,2191002621.0,1.55,-1.17,-0.58,0.38
2025-06-09,601318,49.25,49.42,49.64,49.2,397887,2137162081.0,0.9,0.63,0.31,0.37
2025-06-10,601318,49.41,49.13,49.8,49.01,467079,2510066317.0,1.6,-0.59,-0.29,0.43
2025-06-11,601318,49.1,50.16,50.35,49.1,681830,3704026068.0,2.54,2.1,1.03,0.63
2025-06-12,601318,50.0,50.51,51.03,49.73,589999,3231103730.0,2.59,0.7,0.35,0.55
2025-06-13,601318,50.53,50.18,50.6,49.98,480229,2616565694.0,1.23,-0.65,-0.33,0.45
2025-06-16,601318,50.03,50.02,50.28,49.76,496771,2697778320.0,1.04,-0.32,-0.16,0.46
2025-06-17,601318,50.0,49.93,50.21,49.64,506289,2745763183.0,1.14,-0.18,-0.09,0.47
2025-06-18,601318,49.88,49.51,49.98,49.0,469364,2518852918.0,1.96,-0.84,-0.42,0.44
2025-06-19,601318,49.39,48.9,49.5,48.82,401881,2143533731.0,1.37,-1.23,-0.61,0.37
2025-06-20,601318,48.89,50.44,50.56,48.89,847430,4606219515.0,3.42,3.15,1.54,0.79
2025-06-23,601318,50.2,50.8,50.95,49.96,614705,3373267494.0,1.96,0.71,0.36,0.57
2025-06-24,601318,50.91,52.49,52.67,50.9,1040798,5873914857.0,3.48,3.33,1.69,0.97
2025-06-25,601318,52.5,53.58,53.7,52.28,1046131,5998384734.0,2.71,2.08,1.09,0.97
2025-06-26,601318,53.49,53.28,53.78,53.17,500740,2888896788.0,1.14,-0.56,-0.3,0.47
2025-06-27,601318,53.28,52.66,53.83,52.31,667632,3832894682.0,2.85,-1.16,-0.62,0.62
2025-06-30,601318,52.8,52.78,53.25,52.43,564782,3133724720.0,1.56,0.23,0.12,0.52
2025-07-01,601318,52.96,53.0,53.19,52.6,352746,1961556961.0,1.12,0.42,0.22,0.33
2025-07-02,601318,53.0,53.11,53.31,52.65,395629,2204210316.0,1.25,0.21,0.11,0.37
2025-07-03,601318,53.2,53.1,53.5,52.96,325101,1817404362.0,1.02,-0.02,-0.01,0.3
2025-07-04,601318,53.0,53.87,54.69,52.73,654544,3695501729.0,3.69,1.45,0.77,0.61
2025-07-07,601318,53.89,53.73,54.1,53.36,321763,1813966809.0,1.37,-0.26,-0.14,0.3
2025-07-08,601318,53.7,53.75,54.08,53.41,343460,1939149952.0,1.25,0.04,0.02,0.32
2025-07-09,601318,53.75,53.2,54.08,53.18,395463,2223715808.0,1.67,-1.02,-0.55,0.37
2025-07-10,601318,53.2,54.43,54.88,53.11,828882,4726621457.0,3.33,2.31,1.23,0.77
2025-07-11,601318,54.3,55.01,56.32,54.26,1076429,6269330973.0,3.78,1.07,0.58,1.0
2025-07-14,601318,54.99,54.87,55.54,54.87,449058,2598863547.0,1.22,-0.25,-0.14,0.42
2025-07-15,601318,55.05,54.4,55.26,54.28,441726,2535144762.0,1.79,-0.86,-0.47,0.41
2025-07-16,601318,54.47,54.13,54.54,53.51,481825,2728239344.0,1.89,-0.5,-0.27,0.45
2025-07-17,601318,54.0,54.11,54.36,53.98,277123,1575012870.0,0.7,-0.04,-0.02,0.26
2025-07-18,601318,54.25,54.37,54.75,54.16,436240,2492884493.0,1.09,0.48,0.26,0.41
2025-07-21,601318,54.45,54.49,55.05,54.2,466733,2671242929.0,1.56,0.22,0.12,0.43
2025-07-22,601318,54.49,54.0,54.5,53.4,695203,3930402694.0,2.02,-0.9,-0.49,0.65
2025-07-23,601318,54.14,55.3,55.68,54.11,869407,5020698335.0,2.91,2.41,1.3,0.81
2025-07-24,601318,55.27,55.94,56.3,55.01,707737,4142271385.0,2.33,1.16,0.64,0.66
2025-07-25,601318,55.6,55.38,55.85,55.12,508335,2958837440.0,1.3,-1.0,-0.56,0.47
2025-07-28,601318,55.5,57.39,57.5,55.5,1221217,7297531197.0,3.61,3.63,2.01,1.13
2025-07-29,601318,57.36,56.79,57.58,56.67,566092,3380012575.0,1.59,-1.05,-0.6,0.53
2025-07-30,601318,56.78,58.01,58.63,56.65,921993,5600001966.0,3.49,2.15,1.22,0.86
2025-07-31,601318,57.71,55.99,57.8,55.68,827601,4910516274.0,3.65,-3.48,-2.02,0.77
2025-08-01,601318,55.98,55.5,56.36,55.38,488786,2860162236.0,1.75,-0.88,-0.49,0.45
2025-08-04,601318,55.4,55.51,55.64,55.15,360078,2092312969.0,0.88,0.02,0.01,0.33
2025-08-05,601318,55.6,56.44,56.71,55.5,482956,2837798909.0,2.18,1.68,0.93,0.45
2025-08-06,601318,56.44,56.36,56.94,56.12,324469,1916931441.0,1.45,-0.14,-0.08,0.3
2025-08-07,601318,56.41,56.18,56.76,55.83,327972,1932522823.0,1.65,-0.32,-0.18,0.3
2025-08-08,601318,56.18,55.84,56.2,55.52,397933,2331643860.0,1.21,-0.61,-0.34,0.37
2025-08-11,601318,56.07,55.77,56.44,55.77,431869,2535939661.0,1.2,-0.13,-0.07,0.4
2025-08-12,601318,55.77,56.05,56.37,55.77,426985,2507882892.0,1.08,0.5,0.28,0.4
2025-08-13,601318,56.22,55.91,56.7,55.76,728453,4285477115.0,1.68,-0.25,-0.14,0.68
2025-08-14,601318,56.1,56.92,57.9,56.07,1022768,6132887145.0,3.27,1.81,1.01,0.95
2025-08-15,601318,56.9,57.1,57.75,56.3,892968,5342602447.0,2.55,0.32,0.18,0.83
2025-08-18,601318,57.22,56.64,57.65,56.64,957263,5730767230.0,1.77,-0.81,-0.46,0.89
2025-08-19,601318,57.07,55.5,57.48,55.38,954810,5626016600.0,3.71,-2.01,-1.14,0.89
2025-08-20,601318,55.39,56.5,56.5,54.99,762725,4453267555.0,2.72,1.8,1.0,0.71
2025-08-21,601318,56.5,56.92,57.26,56.21,574601,3420554066.0,1.86,0.74,0.42,0.53
2025-08-22,601318,56.81,57.8,57.81,56.74,780974,4689312103.0,1.88,1.55,0.88,0.73
2025-08-25,601318,57.9,58.3,58.35,57.41,670113,4065994394.0,1.63,0.87,0.5,0.62
2025-08-26,601318,58.2,57.82,58.3,57.75,491986,2984830238.0,0.94,-0.82,-0.48,0.46
2025-08-27,601318,57.68,55.99,57.75,55.99,1064558,6325335934.0,3.04,-3.16,-1.83,0.99
2025-08-28,601318,56.05,56.14,56.42,55.61,636105,3734301053.0,1.45,0.27,0.15,0.59
2025-08-29,601318,56.25,57.18,58.4,56.24,1080309,6488619820.0,3.85,1.85,1.04,1.0
