日期,开盘,收盘,最高,最低,成交量
2025-01-02,24.15,23.72,24.29,23.5,124021.0
2025-01-03,23.78,23.46,24.01,23.38,113179.0
2025-01-06,23.47,23.95,24.2,23.47,162732.0
2025-01-07,23.95,23.57,23.95,23.25,126852.0
2025-01-08,23.5,23.53,24.1,23.28,181361.0
2025-01-09,23.38,23.28,23.57,22.96,93355.0
2025-01-10,23.38,22.92,23.47,22.91,84524.0
2025-01-13,22.88,22.78,23.13,22.05,151818.0
2025-01-14,22.79,23.31,23.34,22.6,114913.0
2025-01-15,23.3,23.22,23.32,23.05,68019.0
2025-01-16,23.3,22.86,23.45,22.8,117492.0
2025-01-17,22.73,22.79,22.9,22.6,81596.0
2025-01-20,22.93,23.04,23.18,22.87,104083.0
2025-01-21,23.08,22.99,23.22,22.78,81999.0
2025-01-22,22.86,23.0,23.03,22.65,77767.0
2025-01-23,23.18,22.96,23.37,22.94,112286.0
2025-01-24,22.94,23.11,23.17,22.81,84814.0
2025-01-27,23.15,23.1,23.32,23.06,84919.0
2025-02-05,23.26,23.28,23.35,23.06,114776.0
2025-02-06,23.35,23.64,23.64,23.15,122924.0
2025-02-07,23.69,23.88,23.94,23.6,141304.0
2025-02-10,23.98,24.73,24.79,23.96,274816.0
2025-02-11,24.79,24.54,24.79,24.31,154304.0
2025-02-12,24.52,24.39,24.54,24.15,131875.0
2025-02-13,24.33,24.3,24.49,24.24,95139.0
2025-02-14,24.39,24.72,24.78,24.36,153461.0
2025-02-17,25.25,25.43,25.85,25.1,373271.0
2025-02-18,25.18,24.88,25.29,24.76,185470.0
2025-02-19,24.88,24.8,24.98,24.61,134331.0
2025-02-20,24.83,24.88,25.26,24.78,155279.0
2025-02-21,24.88,24.93,25.25,24.67,185454.0
2025-02-24,24.95,24.81,25.1,24.72,145922.0
2025-02-25,24.6,24.46,24.61,24.41,117904.0
2025-02-26,24.5,24.68,24.69,24.34,115972.0
2025-02-27,24.72,24.68,24.88,24.51,115180.0
2025-02-28,24.61,24.29,24.77,24.16,155113.0
2025-03-03,24.3,24.28,24.63,24.2,119429.0
2025-03-04,24.2,24.28,24.35,24.06,80411.0
2025-03-05,24.21,24.09,24.28,23.96,97254.0
2025-03-06,24.18,24.31,24.36,24.08,115307.0
2025-03-07,24.31,24.25,24.49,24.1,113830.0
2025-03-10,24.54,24.3,24.76,24.2,130087.0
2025-03-11,23.96,24.2,24.25,23.91,100976.0
2025-03-12,24.22,23.98,24.28,23.94,110564.0
2025-03-13,24.0,23.83,24.09,23.72,97198.0
2025-03-14,23.88,24.33,24.35,23.82,159139.0
2025-03-17,24.38,24.26,24.43,24.14,129721.0
2025-03-18,24.5,24.39,24.63,24.33,133466.0
2025-03-19,24.35,24.31,24.53,24.29,92020.0
2025-03-20,24.31,24.25,24.35,24.15,76149.0
2025-03-21,24.24,23.8,24.35,23.78,117445.0
2025-03-24,23.85,23.81,24.03,23.66,89257.0
2025-03-25,23.78,24.05,24.05,23.68,95789.0
2025-03-26,24.1,23.85,24.26,23.8,139093.0
2025-03-27,23.85,24.29,24.35,23.62,196042.0
2025-03-28,24.2,24.61,25.2,24.17,341576.0
2025-03-31,24.6,24.13,24.78,24.01,209466.0
2025-04-01,24.24,25.05,25.3,24.24,393442.0
2025-04-02,25.08,24.76,25.09,24.65,186738.0
2025-04-03,24.58,24.81,25.04,24.52,166896.0
2025-04-07,23.58,22.5,24.09,22.26,400189.0
2025-04-08,22.49,23.0,23.06,22.49,259563.0
2025-04-09,22.76,22.98,22.98,22.18,241209.0
2025-04-10,23.35,23.22,23.41,22.96,228222.0
2025-04-11,23.1,23.14,23.29,22.95,139700.0
2025-04-14,23.14,23.25,23.44,23.13,136072.0
2025-04-15,23.18,23.3,23.34,23.04,97904.0
2025-04-16,23.32,23.3,23.33,22.92,122369.0
2025-04-17,23.19,23.25,23.26,23.11,80277.0
2025-04-18,23.17,23.18,23.32,23.06,58104.0
2025-04-21,23.1,23.2,23.23,23.06,89728.0
2025-04-22,23.14,23.7,23.84,23.11,188358.0
2025-04-23,23.69,23.49,23.8,23.46,94479.0
2025-04-24,23.52,23.5,23.84,23.49,87969.0
2025-04-25,23.69,23.44,23.7,23.2,173700.0
2025-04-28,23.4,23.25,23.41,23.2,81970.0
2025-04-29,23.22,23.12,23.32,23.12,70200.0
2025-04-30,22.79,22.7,22.87,22.6,213896.0
2025-05-06,22.8,22.99,23.02,22.7,136184.0
2025-05-07,23.26,23.11,23.28,23.02,126188.0
2025-05-08,23.04,23.13,23.14,22.98,78981.0
2025-05-09,23.12,22.82,23.13,22.79,103450.0
2025-05-12,22.84,22.89,22.92,22.77,109144.0
2025-05-13,22.98,23.24,23.34,22.93,170554.0
2025-05-14,23.17,23.21,23.27,22.96,97551.0
2025-05-15,23.21,23.07,23.27,23.05,85863.0
2025-05-16,23.08,23.32,23.33,23.01,125400.0
2025-05-19,23.3,23.13,23.32,23.05,94736.0
2025-05-20,23.16,23.37,23.47,23.16,148892.0
2025-05-21,23.34,23.48,23.66,23.31,142158.0
2025-05-22,23.4,23.25,23.42,23.21,103863.0
2025-05-23,23.21,23.23,23.55,23.21,188493.0
2025-05-26,23.23,22.81,23.24,22.73,154770.0
2025-05-27,22.81,22.93,23.0,22.72,87896.0
2025-05-28,22.92,22.83,22.99,22.81,59851.0
2025-05-29,22.83,23.41,23.44,22.72,174088.0
2025-05-30,23.7,24.67,24.75,23.7,598309.0
2025-06-03,24.1,24.57,24.78,24.1,320457.0
2025-06-04,24.6,24.74,24.92,24.39,239165.0
2025-06-05,24.76,24.45,24.95,24.33,242168.0
2025-06-06,24.34,24.33,24.54,24.16,146985.0
2025-06-09,24.42,25.23,25.87,24.42,458959.0
2025-06-10,25.4,25.26,25.84,25.05,295670.0
2025-06-11,25.28,25.06,25.39,25.01,187145.0
2025-06-12,25.08,25.22,25.5,24.91,233935.0
2025-06-13,25.1,25.11,25.74,24.93,296567.0
2025-06-16,25.01,24.75,25.25,24.64,190359.0
2025-06-17,24.96,24.38,25.17,24.33,197161.0
2025-06-18,24.32,24.2,24.46,24.04,134366.0
2025-06-19,24.12,23.9,24.26,23.83,137617.0
2025-06-20,23.91,23.72,24.05,23.67,102973.0
2025-06-23,23.72,23.94,24.09,23.6,138088.0
2025-06-24,24.1,24.19,24.25,23.97,149070.0
2025-06-25,24.33,24.21,24.33,23.98,145020.0
2025-06-26,24.16,23.95,24.16,23.91,146050.0
2025-06-27,24.0,24.04,24.17,23.96,99247.0
2025-06-30,24.03,24.39,24.41,23.91,148164.0
2025-07-01,24.45,24.6,24.62,24.3,163207.0
2025-07-02,24.6,24.47,24.76,24.43,110666.0
2025-07-03,24.49,24.74,24.87,24.4,153496.0
2025-07-04,24.76,24.73,24.86,24.61,141147.0
2025-07-07,24.73,24.45,24.78,24.43,118336.0
2025-07-08,24.41,24.51,24.82,24.39,119475.0
2025-07-09,24.51,24.53,24.82,24.32,184629.0
2025-07-10,24.56,24.73,25.35,24.56,250387.0
2025-07-11,24.7,24.9,25.1,24.61,239424.0
2025-07-14,24.91,24.98,25.05,24.83,154015.0
2025-07-15,24.98,24.71,24.98,24.54,148838.0
2025-07-16,24.69,25.71,25.9,24.67,486630.0
2025-07-17,25.56,25.7,25.81,25.48,281194.0
2025-07-18,25.78,25.66,25.83,25.48,194051.0
2025-07-21,25.61,25.43,25.7,25.35,269528.0
2025-07-22,25.43,25.55,26.04,25.41,320976.0
2025-07-23,25.48,25.47,26.08,25.45,303519.0
2025-07-24,25.53,26.05,26.28,25.45,358175.0
2025-07-25,26.06,25.96,26.57,25.91,366819.0
2025-07-28,26.1,26.21,26.41,25.99,294956.0
2025-07-29,27.38,26.53,27.48,26.2,842621.0
2025-07-30,26.28,27.67,28.55,26.26,1116890.0
2025-07-31,27.32,26.89,27.61,26.76,705233.0
2025-08-01,26.7,26.86,27.74,26.51,485801.0
2025-08-04,26.57,26.45,26.66,25.77,401388.0
2025-08-05,26.41,26.48,26.76,26.26,281848.0
2025-08-06,26.57,26.24,26.76,26.12,305453.0
2025-08-07,26.13,25.98,26.35,25.9,273809.0
2025-08-08,25.98,25.98,26.11,25.75,197937.0
2025-08-11,25.98,26.41,26.53,25.88,301073.0
2025-08-12,27.89,27.31,27.9,26.97,814774.0
2025-08-13,27.31,28.03,28.82,26.82,896636.0
2025-08-14,28.01,27.58,28.63,27.49,544418.0
2025-08-15,27.52,28.13,28.56,27.46,550174.0
2025-08-18,28.36,28.14,28.79,28.11,565017.0
2025-08-19,28.16,27.78,28.64,27.73,493422.0
2025-08-20,27.64,27.71,27.84,27.3,338149.0
2025-08-21,27.88,27.57,28.05,27.45,266363.0
2025-08-22,27.62,27.67,27.74,27.35,273867.0
2025-08-25,27.8,28.74,28.81,27.79,631078.0
2025-08-26,28.56,28.16,28.71,28.16,389153.0
2025-08-27,28.6,28.17,29.3,28.16,649189.0
2025-08-28,28.19,28.16,28.55,27.44,423005.0
2025-08-29,28.26,28.45,28.77,28.04,407521.0
